{
  "size": [
    384,
    256
  ],
  "cell": [
    128,
    128
  ],
  "sprites": {
    "fruit_45": {
      "source": "T_fruit_45.png",
      "rect": [
        0,
        0,
        128,
        128
      ],
      "uv": [
        0,
        0,
        0.3333333333333333,
        0.5
      ]
    },
    "fruit_46": {
      "source": "T_fruit_46.png",
      "rect": [
        128,
        0,
        128,
        128
      ],
      "uv": [
        0.3333333333333333,
        0,
        0.6666666666666666,
        0.5
      ]
    },
    "fruit_48": {
      "source": "T_fruit_48.png",
      "rect": [
        256,
        0,
        128,
        128
      ],
      "uv": [
        0.6666666666666666,
        0,
        1,
        0.5
      ]
    },
    "fruit_49": {
      "source": "T_fruit_49.png",
      "rect": [
        0,
        128,
        128,
        128
      ],
      "uv": [
        0,
        0.5,
        0.3333333333333333,
        1
      ]
    },
    "fruit_57": {
      "source": "T_fruit_57.png",
      "rect": [
        128,
        128,
        128,
        128
      ],
      "uv": [
        0.3333333333333333,
        0.5,
        0.6666666666666666,
        1
      ]
    },
    "fruit_60": {
      "source": "T_fruit_60.png",
      "rect": [
        256,
        128,
        128,
        128
      ],
      "uv": [
        0.6666666666666666,
        0.5,
        1,
        1
      ]
    }
  },
  "halves": {
    "fruit_45_left": {
      "rect": [
        0,
        0,
        64,
        128
      ],
      "uv": [
        0,
        0,
        0.16666666666666666,
        0.5
      ]
    },
    "fruit_45_right": {
      "rect": [
        64,
        0,
        64,
        128
      ],
      "uv": [
        0.16666666666666666,
        0,
        0.3333333333333333,
        0.5
      ]
    },
    "fruit_46_left": {
      "rect": [
        128,
        0,
        64,
        128
      ],
      "uv": [
        0.3333333333333333,
        0,
        0.5,
        0.5
      ]
    },
    "fruit_46_right": {
      "rect": [
        192,
        0,
        64,
        128
      ],
      "uv": [
        0.5,
        0,
        0.6666666666666666,
        0.5
      ]
    },
    "fruit_48_left": {
      "rect": [
        256,
        0,
        64,
        128
      ],
      "uv": [
        0.6666666666666666,
        0,
        0.8333333333333333,
        0.5
      ]
    },
    "fruit_48_right": {
      "rect": [
        320,
        0,
        64,
        128
      ],
      "uv": [
        0.8333333333333333,
        0,
        1,
        0.5
      ]
    },
    "fruit_49_left": {
      "rect": [
        0,
        128,
        64,
        128
      ],
      "uv": [
        0,
        0.5,
        0.16666666666666666,
        1
      ]
    },
    "fruit_49_right": {
      "rect": [
        64,
        128,
        64,
        128
      ],
      "uv": [
        0.16666666666666666,
        0.5,
        0.3333333333333333,
        1
      ]
    },
    "fruit_57_left": {
      "rect": [
        128,
        128,
        64,
        128
      ],
      "uv": [
        0.3333333333333333,
        0.5,
        0.5,
        1
      ]
    },
    "fruit_57_right": {
      "rect": [
        192,
        128,
        64,
        128
      ],
      "uv": [
        0.5,
        0.5,
        0.6666666666666666,
        1
      ]
    },
    "fruit_60_left": {
      "rect": [
        256,
        128,
        64,
        128
      ],
      "uv": [
        0.6666666666666666,
        0.5,
        0.8333333333333333,
        1
      ]
    },
    "fruit_60_right": {
      "rect": [
        320,
        128,
        64,
        128
      ],
      "uv": [
        0.8333333333333333,
        0.5,
        1,
        1
      ]
    }
  }
}
